"","state","n_tested","n_positive","diva_percent","year"
"1","Andhra Pradesh",2200,536,24.36363636,2011
"2","Arunachal Pradesh",408,142,34.80392157,2011
"3","Assam",1900,606,31.89473684,2011
"4","Bihar",2300,632,27.47826087,2011
"5","Gujarat",2280,918,40.26315789,2011
"6","Haryana",3870,322,8.320413437,2011
"7","Himachal Pradesh",1174,76,6.473594549,2011
"8","Jammu and Kashmir",816,115,14.09313725,2011
"9","Karnataka",3078,1789,58.12215724,2011
"10","Kerala",1000,228,22.8,2011
"11","Madhya Pradesh",3144,868,27.60814249,2011
"12","Maharashtra",1620,719,44.38271605,2011
"13","Manipur",900,186,20.66666667,2011
"14","Meghalaya",300,93,31,2011
"15","Mizoram",880,240,27.27272727,2011
"16","Nagaland",3990,500,12.53132832,2011
"17","Odisha",2900,293,10.10344828,2011
"18","Rajasthan",1967,723,36.75648195,2011
"19","Tamil Nadu",3000,863,28.76666667,2011
"20","Tripura",448,49,10.9375,2011
"21","Uttar Pradesh",181,24,13.25966851,2011
"22","Uttarakhand",450,132,29.33333333,2011
"23","West Bengal",721,231,32.03883495,2011
"24","Andhra Pradesh",1650,382,23.15151515,2012
"25","Arunachal Pradesh",787,271,34.43456163,2012
"26","Assam",1200,294,24.5,2012
"27","Bihar",2078,662,31.85755534,2012
"28","Gujarat",2341,962,41.09354977,2012
"29","Haryana",4200,295,7.023809524,2012
"30","Himachal Pradesh",380,34,8.947368421,2012
"31","Jammu and Kashmir",924,155,16.77489177,2012
"32","Jharkhand",911,322,35.34577387,2012
"33","Karnataka",2744,484,17.63848397,2012
"34","Kerala",1260,377,29.92063492,2012
"35","Madhya Pradesh",2665,761,28.55534709,2012
"36","Maharashtra",1430,312,21.81818182,2012
"37","Manipur",955,233,24.39790576,2012
"38","Meghalaya",100,23,23,2012
"39","Mizoram",800,126,15.75,2012
"40","Nagaland",1121,454,40.49955397,2012
"41","Odisha",2527,863,34.15116739,2012
"42","Punjab",1700,194,11.41176471,2012
"43","Rajasthan",3171,1269,40.01892148,2012
"44","Tamil Nadu",3100,1433,46.22580645,2012
"45","Uttar Pradesh",2917,573,19.64346932,2012
"46","West Bengal",1077,265,24.60538533,2012
"47","Andhra Pradesh",2186,936,42.8179323,2013
"48","Arunachal Pradesh",891,257,28.84399551,2013
"49","Assam",2600,459,17.65384615,2013
"50","Bihar",2251,820,36.42825411,2013
"51","Gujarat",2500,1512,60.48,2013
"52","Haryana",4200,87,2.071428571,2013
"53","Himachal Pradesh",1200,154,12.83333333,2013
"54","Jammu and Kashmir",1401,261,18.62955032,2013
"55","Jharkhand",556,188,33.81294964,2013
"56","Karnataka",2991,631,21.0966232,2013
"57","Kerala",1260,559,44.36507937,2013
"58","Madhya Pradesh",4558,1336,29.31110136,2013
"59","Maharashtra",2962,1434,48.4132343,2013
"60","Manipur",900,255,28.33333333,2013
"61","Mizoram",550,41,7.454545455,2013
"62","Nagaland",3027,977,32.27618104,2013
"63","Odisha",3326,1381,41.52134696,2013
"64","Punjab",1900,230,12.10526316,2013
"65","Rajasthan",5600,2094,37.39285714,2013
"66","Tamil Nadu",3050,609,19.96721311,2013
"67","Tripura",1146,95,8.289703316,2013
"68","Uttar Pradesh",1023,577,56.40273705,2013
"69","Uttarakhand",447,143,31.99105145,2013
"70","West Bengal",360,117,32.5,2013
"71","Andhra Pradesh",4400,1342,30.5,2014
"72","Arunachal Pradesh",85,12,14.11764706,2014
"73","Assam",2258,437,19.3534101,2014
"74","Bihar",540,188,34.81481481,2014
"75","Chhattisgarh",248,158,63.70967742,2014
"76","Gujarat",5000,878,17.56,2014
"77","Haryana",3810,210,5.511811024,2014
"78","Himachal Pradesh",2400,322,13.41666667,2014
"79","Jammu and Kashmir",1260,383,30.3968254,2014
"80","Karnataka",6002,1994,33.22225925,2014
"81","Kerala",1981,136,6.865219586,2014
"82","Madhya Pradesh",8430,2164,25.67022539,2014
"83","Maharashtra",4217,1192,28.26654019,2014
"84","Manipur",1800,234,13,2014
"85","Mizoram",1710,167,9.766081871,2014
"86","Nagaland",887,299,33.70913191,2014
"87","Odisha",3191,1058,33.15575055,2014
"88","Punjab",1900,185,9.736842105,2014
"89","Rajasthan",6147,1634,26.58207256,2014
"90","Tamil Nadu",6400,1553,24.265625,2014
"91","Tripura",1755,75,4.273504274,2014
"92","Uttar Pradesh",1959,899,45.89076059,2014
"93","Uttarakhand",990,408,41.21212121,2014
"94","West Bengal",1038,184,17.72639692,2014
"95","Assam",2965,495,16.69477234,2015
"96","Gujarat",4180,1657,39.64114833,2015
"97","Haryana",2100,189,9,2015
"98","Himachal Pradesh",2400,261,10.875,2015
"99","Jammu and Kashmir",1600,438,27.375,2015
"100","Karnataka",6006,2051,34.14918415,2015
"101","Madhya Pradesh",7823,1591,20.33746645,2015
"102","Maharashtra",1389,283,20.37437005,2015
"103","Mizoram",800,55,6.875,2015
"104","Odisha",4103,792,19.30294906,2015
"105","Punjab",3744,340,9.081196581,2015
"106","Rajasthan",2700,1029,38.11111111,2015
"107","Tamil Nadu",6400,1743,27.234375,2015
"108","Telangana",1800,608,33.77777778,2015
"109","Tripura",1146,43,3.752181501,2015
"110","Uttar Pradesh",8050,1518,18.85714286,2015
"111","Uttarakhand",956,314,32.84518828,2015
"112","West Bengal",4023,696,17.300522,2015
"113","Andhra Pradesh",2600,586,22.53846154,2016
"114","Assam",870,323,37.12643678,2016
"115","Gujarat",2800,584,20.85714286,2016
"116","Haryana",217,125,57.60368664,2016
"117","Himachal Pradesh",1598,131,8.197747184,2016
"118","Karnataka",5973,1839,30.78854847,2016
"119","Kerala",2520,442,17.53968254,2016
"120","Madhya Pradesh",9484,1924,20.28679882,2016
"121","Maharashtra",4467,1156,25.87866577,2016
"122","Manipur",1800,227,12.61111111,2016
"123","Mizoram",760,108,14.21052632,2016
"124","Odisha",1721,578,33.58512493,2016
"125","Punjab",2021,200,9.896091044,2016
"126","Rajasthan",2340,836,35.72649573,2016
"127","Tamil Nadu",6000,1664,27.73333333,2016
"128","Telangana",1800,162,9,2016
"129","Tripura",900,28,3.111111111,2016
"130","Uttar Pradesh",9040,1427,15.78539823,2016
"131","Uttarakhand",599,84,14.02337229,2016
"132","West Bengal",2492,839,33.66773676,2016
"133","Telangana",1800,162,9,2017
"134","Andhra Pradesh",2600,586,22.5,2017
"135","Karnataka",5973,1839,30.8,2017
"136","Tamil Nadu",6000,1664,27.7,2017
"137","Kerala",2520,442,17.5,2017
"138","Madhya Pradesh",9484,1924,20.3,2017
"139","Rajasthan",2340,836,35.73,2017
"140","Gujarat",2800,584,20.86,2017
"141","Maharashtra",4467,1156,25.88,2017
"142","West Bengal",2492,839,33.7,2017
"143","Odisha",1721,578,33.6,2017
"144","Haryana",217,125,57.6,2017
"145","Uttarakhand",599,84,14,2017
"146","Uttar Pradesh",9040,1427,15.8,2017
"147","Himachal Pradesh",1598,131,8.2,2017
"148","Punjab",2021,200,9.9,2017
"149","Assam",870,323,37.1,2017
"150","Manipur",1800,227,12.6,2017
"151","Mizoram",760,108,14.2,2017
"152","Tripura",900,28,3.1,2017
"153","Andaman and Nicobar",939,8,0.9,2017
"154","Telangana",900,14,1.6,2018
"155","Tamil Nadu",6400,1622,25.3,2018
"156","Madhya Pradesh",10142,1822,18,2018
"157","Rajasthan",3510,1003,28.6,2018
"158","Maharashtra",2807,167,5.9,2018
"159","West Bengal",525,162,31,2018
"160","Jharkhand",555,312,56.2,2018
"161","Odisha",2700,1677,62.1,2018
"162","Haryana",130,42,32.3,2018
"163","Uttarakhand",1078,75,7,2018
"164","Uttar Pradesh",2510,249,10,2018
"165","Himachal Pradesh",2210,589,26.7,2018
"166","Jammu and Kashmir",1710,315,18.4,2018
"167","Punjab",2044,195,9.5,2018
"168","Assam",1726,328,19,2018
"169","Manipur",1800,234,13,2018
"170","Mizoram",800,79,9.9,2018
"171","Andaman and Nicobar",463,6,1.3,2018
"172","Telangana",1800,61,3.4,2019
"173","Tamil Nadu",6400,1420,22.2,2019
"174","Madhya Pradesh",6340,924,14.6,2019
"175","Maharashtra",2988,801,26.8,2019
"176","Gujarat",5150,1935,38,2019
"177","West Bengal",1413,447,31.6,2019
"178","Odisha",601,165,27.5,2019
"179","Haryana",2450,179,7.3,2019
"180","Himachal Pradesh",720,96,13,2019
"181","Jammu and Kashmir",1620,262,16.2,2019
"182","Assam",503,47,9.34,2019
"183","Andaman and Nicobar",428,2,0.46,2019
"184","Telangana",334,2,0.59,2020
"185","Andaman and Nicobar",200,7,3.5,2020
"186","Madhya Pradesh",3120,422,13.5,2020
"187","Gujarat",1977,253,12.8,2020
"188","Maharashtra",9417,2008,21.32,2020
"189","Odisha",2144,636,29.66,2020
"190","West Bengal",540,195,36.11,2020
"191","Haryana",3930,173,4.4,2020
"192","Punjab",4282,447,10.43,2020
"193","Jammu and Kashmir",1080,174,16.11,2020
"194","Mizoram",1260,266,21.11,2020
"195","Arunachal Pradesh",136,15,11.02941176,2021
"196","Assam",8151,1730,21.22438965,2021
"197","Chhattisgarh",3668,550,14.99454744,2021
"198","Gujarat",5260,525,9.980988593,2021
"199","Haryana",9040,619,6.847345133,2021
"200","Himachal Pradesh",3420,658,19.23976608,2021
"201","Jammu and Kashmir",2423,639,26.37226579,2021
"202","Jharkhand",825,137,16.60606061,2021
"203","Karnataka",2099,435,20.72415436,2021
"204","Kerala",8295,1749,21.08499096,2021
"205","Madhya Pradesh",4864,889,18.27713816,2021
"206","Maharashtra",10539,1666,15.80795142,2021
"207","Manipur",3248,1317,40.54802956,2021
"208","Meghalaya",378,104,27.51322751,2021
"209","Mizoram",360,44,12.22222222,2021
"210","Odisha",6076,1280,21.06649111,2021
"211","Punjab",3919,594,15.15692779,2021
"212","Tamil Nadu",522,90,17.24137931,2021
"213","Telangana",9036,451,4.991146525,2021
"214","Uttar Pradesh",9379,1093,11.65369442,2021
"215","Uttarakhand",4049,811,20.02963695,2021
"216","West Bengal",810,332,40.98765432,2021
"217","Andaman and Nicobar",2066,64,3.1,2022
"218","Andhra Pradesh",9829,2231,22.7,2022
"219","Arunachal Pradesh",270,114,42.2,2022
"220","Assam",1792,278,15.5,2022
"221","Bihar",2185,603,27.6,2022
"222","Chhattisgarh",1247,345,27.7,2022
"223","Gujarat",6653,931,14,2022
"224","Haryana",7044,359,5.1,2022
"225","Himachal Pradesh",2424,267,11,2022
"226","Jammu and Kashmir",1719,445,25.9,2022
"227","Jharkhand",1287,456,35.4,2022
"228","Karnataka",1663,599,36,2022
"229","Kerala",1874,334,17.8,2022
"230","Madhya Pradesh",2828,450,15.9,2022
"231","Maharashtra",2927,653,22.3,2022
"232","Manipur",1214,276,22.7,2022
"233","Meghalaya",630,72,11.5,2022
"234","Mizoram",1123,212,18.9,2022
"235","Nagaland",871,133,15.3,2022
"236","Odisha",2340,681,29.1,2022
"237","Puducherry",544,173,31.8,2022
"238","Punjab",3819,733,19.2,2022
"239","Rajasthan",180,16,8.9,2022
"240","Telangana",7640,565,7.4,2022
"241","Uttar Pradesh",3328,260,7.8,2022
"242","Uttarakhand",2119,295,13.9,2022
"243","West Bengal",84,24,28.6,2022
