states_ut,region_code,diva_count_all,diva_count_positive,diva_pct,sample_year
Andhra Pradesh,AP,2200,536,24.36,2011
Arunachal Pradesh,AR,408,142,34.8,2011
Assam,AS,1900,606,31.89,2011
Bihar,BR,2300,632,27.48,2011
Gujarat,GJ,2280,918,40.26,2011
Haryana,HR,3870,322,8.32,2011
Himachal Pradesh,HP,1174,76,6.47,2011
Jammu & Kashmir,JK,816,115,14.09,2011
Karnataka,KA,3078,1789,58.12,2011
Kerala,KL,1000,228,22.8,2011
Madhya Pradesh,MP,3144,868,27.61,2011
Maharashtra,MH,1620,719,44.38,2011
Manipur,MN,900,186,20.67,2011
Meghalaya,ML,300,93,31.0,2011
Mizoram,MZ,880,240,27.27,2011
Nagaland,NL,3990,500,12.53,2011
Odisha,OD,2900,293,10.1,2011
Rajasthan,RJ,1967,723,36.76,2011
Tamil Nadu,TN,3000,863,28.77,2011
Tripura,TR,448,49,10.94,2011
Uttar Pradesh,UP,181,24,13.26,2011
Uttarakhand,UK,450,132,29.33,2011
West Bengal,WB,721,231,32.04,2011
Andhra Pradesh,AP,1650,382,23.15,2012
Arunachal Pradesh,AR,787,271,34.43,2012
Assam,AS,1200,294,24.5,2012
Bihar,BR,2078,662,31.86,2012
Gujarat,GJ,2341,962,41.09,2012
Haryana,HR,4200,295,7.02,2012
Himachal Pradesh,HP,380,34,8.95,2012
Jammu & Kashmir,JK,924,155,16.77,2012
Jharkhand,JH,911,322,35.35,2012
Karnataka,KA,2744,484,17.64,2012
Kerala,KL,1260,377,29.92,2012
Madhya Pradesh,MP,2665,761,28.56,2012
Maharashtra,MH,1430,312,21.82,2012
Manipur,MN,955,233,24.4,2012
Meghalaya,ML,100,23,23.0,2012
Mizoram,MZ,800,126,15.75,2012
Nagaland,NL,1121,454,40.5,2012
Odisha,OD,2527,863,34.15,2012
Punjab,PB,1700,194,11.41,2012
Rajasthan,RJ,3171,1269,40.02,2012
Tamil Nadu,TN,3100,1433,46.23,2012
Uttar Pradesh,UP,2917,573,19.64,2012
West Bengal,WB,1077,265,24.61,2012
Andhra Pradesh,AP,2186,936,42.82,2013
Arunachal Pradesh,AR,891,257,28.84,2013
Assam,AS,2600,459,17.65,2013
Bihar,BR,2251,820,36.43,2013
Gujarat,GJ,2500,1512,60.48,2013
Haryana,HR,4200,87,2.07,2013
Himachal Pradesh,HP,1200,154,12.83,2013
Jammu & Kashmir,JK,1401,261,18.63,2013
Jharkhand,JH,556,188,33.81,2013
Karnataka,KA,2991,631,21.1,2013
Kerala,KL,1260,559,44.37,2013
Madhya Pradesh,MP,4558,1336,29.31,2013
Maharashtra,MH,2962,1434,48.41,2013
Manipur,MN,900,255,28.33,2013
Mizoram,MZ,550,41,7.45,2013
Nagaland,NL,3027,977,32.28,2013
Odisha,OD,3326,1381,41.52,2013
Punjab,PB,1900,230,12.11,2013
Rajasthan,RJ,5600,2094,37.39,2013
Tamil Nadu,TN,3050,609,19.97,2013
Tripura,TR,1146,95,8.29,2013
Uttar Pradesh,UP,1023,577,56.4,2013
Uttarakhand,UK,447,143,31.99,2013
West Bengal,WB,360,117,32.5,2013
Andhra Pradesh,AP,4400,1342,30.5,2014
Arunachal Pradesh,AR,85,12,14.12,2014
Assam,AS,2258,437,19.35,2014
Bihar,BR,540,188,34.81,2014
Chhattisgarh,CG,248,158,63.71,2014
Gujarat,GJ,5000,878,17.56,2014
Haryana,HR,3810,210,5.51,2014
Himachal Pradesh,HP,2400,322,13.42,2014
Jammu & Kashmir,JK,1260,383,30.4,2014
Karnataka,KA,6002,1994,33.22,2014
Kerala,KL,1981,136,6.87,2014
Madhya Pradesh,MP,8430,2164,25.67,2014
Maharashtra,MH,4217,1192,28.27,2014
Manipur,MN,1800,234,13.0,2014
Mizoram,MZ,1710,167,9.77,2014
Nagaland,NL,887,299,33.71,2014
Odisha,OD,3191,1058,33.16,2014
Punjab,PB,1900,185,9.74,2014
Rajasthan,RJ,6147,1634,26.58,2014
Tamil Nadu,TN,6400,1553,24.27,2014
Tripura,TR,1755,75,4.27,2014
Uttar Pradesh,UP,1959,899,45.89,2014
Uttarakhand,UK,990,408,41.21,2014
West Bengal,WB,1038,184,17.73,2014
Assam,AS,2965,495,16.69,2015
Gujarat,GJ,4180,1657,39.64,2015
Haryana,HR,2100,189,9.0,2015
Himachal Pradesh,HP,2400,261,10.88,2015
Jammu & Kashmir,JK,1600,438,27.38,2015
Karnataka,KA,6006,2051,34.15,2015
Madhya Pradesh,MP,7823,1591,20.34,2015
Maharashtra,MH,1389,283,20.37,2015
Mizoram,MZ,800,55,6.88,2015
Odisha,OD,4103,792,19.3,2015
Punjab,PB,3744,340,9.08,2015
Rajasthan,RJ,2700,1029,38.11,2015
Tamil Nadu,TN,6400,1743,27.23,2015
Telangana,TS,1800,608,33.78,2015
Tripura,TR,1146,43,3.75,2015
Uttar Pradesh,UP,8050,1518,18.86,2015
Uttarakhand,UK,956,314,32.85,2015
West Bengal,WB,4023,696,17.3,2015
Andhra Pradesh,AP,2600,586,22.54,2016
Assam,AS,870,323,37.13,2016
Gujarat,GJ,2800,584,20.86,2016
Haryana,HR,217,125,57.6,2016
Himachal Pradesh,HP,1598,131,8.2,2016
Karnataka,KA,5973,1839,30.79,2016
Kerala,KL,2520,442,17.54,2016
Madhya Pradesh,MP,9484,1924,20.29,2016
Maharashtra,MH,4467,1156,25.88,2016
Manipur,MN,1800,227,12.61,2016
Mizoram,MZ,760,108,14.21,2016
Odisha,OD,1721,578,33.59,2016
Punjab,PB,2021,200,9.9,2016
Rajasthan,RJ,2340,836,35.73,2016
Tamil Nadu,TN,6000,1664,27.73,2016
Telangana,TS,1800,162,9.0,2016
Tripura,TR,900,28,3.11,2016
Uttar Pradesh,UP,9040,1427,15.79,2016
Uttarakhand,UK,599,84,14.02,2016
West Bengal,WB,2492,839,33.67,2016
Telangana,TS,1800,162,9.0,2017
Andhra Pradesh,AP,2600,586,22.5,2017
Karnataka,KA,5973,1839,30.8,2017
Tamil Nadu,TN,6000,1664,27.7,2017
Kerala,KL,2520,442,17.5,2017
Madhya Pradesh,MP,9484,1924,20.3,2017
Rajasthan,RJ,2340,836,35.73,2017
Gujarat,GJ,2800,584,20.86,2017
Maharashtra,MH,4467,1156,25.88,2017
West Bengal,WB,2492,839,33.7,2017
Odisha,OD,1721,578,33.6,2017
Haryana,HR,217,125,57.6,2017
Uttarakhand,UK,599,84,14.0,2017
Uttar Pradesh,UP,9040,1427,15.8,2017
Himachal Pradesh,HP,1598,131,8.2,2017
Punjab,PB,2021,200,9.9,2017
Assam,AS,870,323,37.1,2017
Manipur,MN,1800,227,12.6,2017
Mizoram,MZ,760,108,14.2,2017
Tripura,TR,900,28,3.1,2017
A&N Island,AN,939,8,0.9,2017
Telangana,TS,900,14,1.6,2018
Tamil Nadu,TN,6400,1622,25.3,2018
Madhya Pradesh,MP,10142,1822,18.0,2018
Rajasthan,RJ,3510,1003,28.6,2018
Maharashtra,MH,2807,167,5.9,2018
West Bengal,WB,525,162,31.0,2018
Jharkhand,JH,555,312,56.2,2018
Odisha,OD,2700,1677,62.1,2018
Haryana,HR,130,42,32.3,2018
Uttarakhand,UK,1078,75,7.0,2018
Uttar Pradesh,UP,2510,249,10.0,2018
Himachal Pradesh,HP,2210,589,26.7,2018
Jammu & Kashmir,JK,1710,315,18.4,2018
Punjab,PB,2044,195,9.5,2018
Assam,AS,1726,328,19.0,2018
Manipur,MN,1800,234,13.0,2018
Mizoram,MZ,800,79,9.9,2018
A&N Island,AN,463,6,1.3,2018
Telangana,TS,1800,61,3.4,2019
Tamil Nadu,TN,6400,1420,22.2,2019
Madhya Pradesh,MP,6340,924,14.6,2019
Maharashtra,MH,2988,801,26.8,2019
Gujarat,GJ,5150,1935,38.0,2019
West Bengal,WB,1413,447,31.6,2019
Odisha,OD,601,165,27.5,2019
Haryana,HR,2450,179,7.3,2019
Himachal Pradesh,HP,720,96,13.0,2019
Jammu & Kashmir,JK,1620,262,16.2,2019
Assam,AS,503,47,9.34,2019
A&N Island,AN,428,2,0.46,2019
Telangana,TS,334,2,0.59,2020
A&N Island,AN,200,7,3.5,2020
Madhya Pradesh,MP,3120,422,13.5,2020
Gujarat,GJ,1977,253,12.8,2020
Maharashtra,MH,9417,2008,21.32,2020
Odisha,OD,2144,636,29.66,2020
West Bengal,WB,540,195,36.11,2020
Haryana,HR,3930,173,4.4,2020
Punjab,PB,4282,447,10.43,2020
Jammu & Kashmir,JK,1080,174,16.11,2020
Mizoram,MZ,1260,266,21.11,2020
Arunachal Pradesh,AR,136,15,11.03,2021
Assam,AS,8151,1730,21.22,2021
Chhattisgarh,CG,3668,550,14.99,2021
Gujarat,GJ,5260,525,9.98,2021
Haryana,HR,9040,619,6.85,2021
Himachal Pradesh,HP,3420,658,19.24,2021
Jammu & Kashmir,JK,2423,639,26.37,2021
Jharkhand,JH,825,137,16.61,2021
Karnataka,KA,2099,435,20.72,2021
Kerala,KL,8295,1749,21.08,2021
Madhya Pradesh,MP,4864,889,18.28,2021
Maharashtra,MH,10539,1666,15.81,2021
Manipur,MN,3248,1317,40.55,2021
Meghalaya,ML,378,104,27.51,2021
Mizoram,MZ,360,44,12.22,2021
Odisha,OD,6076,1280,21.07,2021
Punjab,PB,3919,594,15.16,2021
Tamil Nadu,TN,522,90,17.24,2021
Telangana,TS,9036,451,4.99,2021
Uttar Pradesh,UP,9379,1093,11.65,2021
Uttarakhand,UK,4049,811,20.03,2021
West Bengal,WB,810,332,40.99,2021
A&N Island,AN,2066,64,3.1,2022
Andhra Pradesh,AP,9829,2231,22.7,2022
Arunachal Pradesh,AR,270,114,42.2,2022
Assam,AS,1792,278,15.5,2022
Bihar,BR,2185,603,27.6,2022
Chhattisgarh,CG,1247,345,27.7,2022
Gujarat,GJ,6653,931,14.0,2022
Haryana,HR,7044,359,5.1,2022
Himachal Pradesh,HP,2424,267,11.0,2022
Jammu & Kashmir,JK,1719,445,25.9,2022
Jharkhand,JH,1287,456,35.4,2022
Karnataka,KA,1663,599,36.0,2022
Kerala,KL,1874,334,17.8,2022
Madhya Pradesh,MP,2828,450,15.9,2022
Maharashtra,MH,2927,653,22.3,2022
Manipur,MN,1214,276,22.7,2022
Meghalaya,ML,630,72,11.5,2022
Mizoram,MZ,1123,212,18.9,2022
Nagaland,NL,871,133,15.3,2022
Odisha,OD,2340,681,29.1,2022
Pondichery,PY,544,173,31.8,2022
Punjab,PB,3819,733,19.2,2022
Rajasthan,RJ,180,16,8.9,2022
Telangana,TS,7640,565,7.4,2022
Uttar Pradesh,UP,3328,260,7.8,2022
Uttarakhand,UK,2119,295,13.9,2022
West Bengal,WB,84,24,28.6,2022
